"Item_Number","Set_Name","Price","Pieces","Theme","Size"
"41916","Extra Dots - Series 2",3.99,109,"DOTS","Small"
"41908","Extra Dots - Series 1",3.99,109,"DOTS","Small"
"11006","Creative Blue Bricks",4.99,52,"Classic","Small"
"11007","Creative Green Bricks",4.99,60,"Classic","Small"
"41901","Funky Animals Bracelet",4.99,33,"DOTS","Small"
"41902","Sparkly Unicorn Bracelet",4.99,33,"DOTS","Small"
"41903","Cosmic Wonder Bracelet",4.99,33,"DOTS","Small"
"41911","Go Team! Bracelet",4.99,33,"DOTS","Small"
"41912","Love Birds Bracelet",4.99,33,"DOTS","Small"
"41917","Magic Forest Bracelet",4.99,33,"DOTS","Small"
"41919","Power Bracelet",4.99,33,"DOTS","Small"
"10917","Fire Truck",6.99,6,"DUPLO","Large"
"10918","Tow Truck",6.99,7,"DUPLO","Large"
"41386","Stephanie's Summer Heart Box",7.99,95,"Friends","Small"
"11010","White Baseplate",7.99,1,"Classic","Small"
"10883","My First Tow Truck",9.99,11,"DUPLO","Large"
"10766","Woody & RC",9.99,69,"Disney","Small"
"41388","Mia's Summer Heart Box",7.99,85,"Friends","Small"
"41387","Olivia's Summer Heart Box",7.99,93,"Friends","Small"
"60239","Police Patrol Car",9.99,92,"City","Small"
"41452","Prince Puppycorn Trike",9.99,101,"Unikitty!","Small"
"71714","Kai Avatar - Arcade Pod",9.99,49,"NINJAGO","Small"
"71715","Jay Avatar - Arcade Pod",9.99,47,"NINJAGO","Small"
"10897","My First Minnie Build",9.99,10,"Disney","Small"
"10900","Police Bike",9.99,8,"DUPLO","Large"
"10927","Pizza Stand",9.99,18,"DUPLO","Large"
"41360","Emma's Mobile Veterinary Clinic",9.99,50,"Friends","Small"
"60212","Barbecue Burn Out",9.99,64,"City","Small"
"60251","Monster Truck",9.99,55,"City","Small"
"60206","Jet Patrol",9.99,54,"City","Small"
"60219","Construction Loader",9.99,88,"City","Small"
"60255","Stunt Team",9.99,62,"City","Small"
"71706","Cole's Speeder Car",9.99,52,"NINJAGO","Small"
"41389","Ice Cream Cart",9.99,97,"Friends","Small"
"41396","Puppy Playground",9.99,57,"Friends","Small"
"60241","Police Dog Unit",9.99,67,"City","Small"
"75263","Resistance Y-wing Microfighter",9.99,86,"Star Wars","Small"
"60249","Street Sweeper",9.99,89,"City","Small"
"60250","Mail Plane",9.99,74,"City","Small"
"60224","Satellite Service Mission",9.99,84,"City","Small"
"60247","Forest Fire",9.99,84,"City","Small"
"71700","Jungle Raider",9.99,127,"NINJAGO","Small"
"41451","Unikitty Cloud Car",9.99,126,"Unikitty!","Small"
"10860","My First Race Car",4.99,6,"DUPLO","Large"
"60263","Ocean Mini-Submarine",9.99,41,"City","Small"
"41425","Olivia's Flower Garden",9.99,92,"Friends","Small"
"43173","Aurora's Royal Carriage",9.99,62,"Disney","Small"
"71716","Lloyd Avatar - Arcade Pod",9.99,48,"NINJAGO","Small"
"43170","Moana's Ocean Adventure",9.99,46,"Disney","Small"
"21162","The Taiga Adventure",9.99,74,"Minecraft","Small"
"75264","Kylo Ren's Shuttle Microfighter",9.99,72,"Star Wars","Small"
"76141","Thanos Mech",9.99,152,"Marvel","Small"
"76140","Iron Man Mech",9.99,148,"Marvel","Small"
"76146","Spider-Man Mech",9.99,152,"Marvel","Small"
"31099","Propeller Plane",9.99,128,"Creator 3-in-1","Small"
"31100","Sports Car",9.99,134,"Creator 3-in-1","Small"
"76158","Batboat The Penguin Pursuit!",9.99,54,"Batman","Small"
"11001","Bricks and Ideas",9.99,123,"Classic","Small"
"76089","Mighty Micros: Scarlet Spider vs. Sandman",9.99,89,"Marvel","Small"
"10870","Farm Animals",9.99,16,"DUPLO","Large"
"10898","My First Mickey Build",9.99,9,"Disney","Small"
"60191","Arctic Exploration Team",9.99,70,"City","Small"
"21157","BigFig Pig with Baby Zombie",14.99,159,"Minecraft","Small"
"31087","Dune Buggy",12.99,147,"Creator 3-in-1","Small"
"21156","BigFig Creeper and Ocelot",14.99,184,"Minecraft","Small"
"31101","Monster Truck",14.99,163,"Creator 3-in-1","Small"
"60237","Curves & Crossroad",14.99,2,"City","Small"
"70822","Unikitty's Sweetest Friends EVER!",9.99,76,"THE LEGO MOVIE 2","Small"
"41357","Olivia's Heart Box",7.99,85,"Friends","Small"
"42101","Buggy",12.99,117,"Technic","Small"
"75891","Chevrolet Camaro ZL1 Race Car",14.99,198,"Speed Champions","Small"
"75892","McLaren Senna",14.99,219,"Speed Champions","Small"
"31086","Futuristic Flyer",14.99,157,"Creator 3-in-1","Small"
"31088","Deep Sea Creatures",14.99,230,"Creator 3-in-1","Small"
"41607","Gamora",9.99,136,"BrickHeadz","Small"
"42102","Mini CLAAS XERION",12.99,130,"Technic","Small"
"75895","1974 Porsche 911 Turbo 3.0",14.99,180,"Speed Champions","Small"
"75266","Sith Troopers Battle Pack",14.99,105,"Star Wars","Small"
"75267","Mandalorian Battle Pack",14.99,102,"Star Wars","Small"
"10714","Blue Baseplate",7.99,1,"Classic","Small"
"10925","Playroom",14.99,17,"DUPLO","Large"
"60236","Straight & T-Junction",14.99,2,"City","Small"
"75246","Death Star Cannon",19.99,159,"Star Wars","Small"
"10401","Rainbow Fun",4.99,85,"Classic","Small"
"41608","Han Solo",9.99,141,"Star Wars","Small"
"60190","Arctic Ice Glider",6.99,50,"City","Small"
"41169","Olaf",14.99,122,"LEGO Frozen 2","Small"
"60238","Switch Tracks",15.99,8,"City","Small"
"70682","Spinjitzu Slam - Jay",9.99,72,"NINJAGO","Small"
"71372","Cat Mario Power-Up Pack",9.99,11,"LEGO Super Mario","Small"
"41385","Emma's Summer Heart Box",7.99,86,"Friends","Small"
"41905","Rainbow Jewellery Stand",14.99,213,"DOTS","Small"
"10926","Bedroom",14.99,16,"DUPLO","Large"
"41904","Animal Picture Holders",14.99,423,"DOTS","Small"
"41356","Stephanie's Heart Box",7.99,85,"Friends","Small"
"41384","Andrea's Summer Heart Box",7.99,83,"Friends","Small"
"70645","Cole - Dragon Master",14.99,92,"NINJAGO","Small"
"70665","The Samurai Mech",14.99,154,"NINJAGO","Small"
"70824","Introducing Queen Watevra Wa'Nabi",19.99,115,"THE LEGO MOVIE 2","Small"
"75890","Ferrari F40 Competizione",14.99,198,"Speed Champions","Small"
"31092","Helicopter Adventure",9.99,114,"Creator 3-in-1","Small"
"70681","Spinjitzu Slam - Lloyd",9.99,70,"NINJAGO","Small"
"41408","Mia's Play Cube - Cinema",9.99,37,"Friends","Small"
"71370","Fire Mario Power-Up Pack",9.99,11,"LEGO Super Mario","Small"
"70680","Monastery Training",9.99,122,"NINJAGO","Small"
"70848","Systar Party Crew",19.99,196,"THE LEGO MOVIE 2","Small"
"41453","Party Time",19.99,214,"Unikitty!","Small"
"43174","Mulan's Storybook Adventures",19.99,124,"Disney","Small"
"10894","Toy Story Train",19.99,21,"Disney","Small"
"10713","Creative Suitcase",19.99,213,"Classic","Small"
"10771","Carnival Thrill Coaster",19.99,98,"Disney","Small"
"75945","Expecto Patronum",19.99,121,"Harry Potter","Small"
"76147","Vulture's Trucker Robbery",19.99,93,"Marvel","Small"
"76123","Captain America: Outriders Attack",19.99,167,"Marvel","Small"
"70672","Cole's Dirt Bike",19.99,212,"NINJAGO","Small"
"75965","The Rise of Voldemort",19.99,184,"Harry Potter","Small"
"41361","Mia's Foal Stable",19.99,118,"Friends","Small"
"70427","Welcome to the Hidden Side",19.99,189,"Hidden Side","Small"
"21140","The Chicken Coop",19.99,198,"Minecraft","Small"
"21151","The End Battle",19.99,222,"Minecraft","Small"
"60252","Construction Bulldozer",19.99,126,"City","Small"
"76142","Avengers Speeder Bike Attack",19.99,226,"Marvel","Small"
"10859","My First Ladybird",4.99,6,"DUPLO","Large"
"10886","My First Car Creations",19.99,34,"DUPLO","Large"
"60222","Snow Groomer",19.99,197,"City","Small"
"41165","Anna's Canoe Expedition",19.99,108,"LEGO Frozen 2","Small"
"60221","Diving Yacht",19.99,148,"City","Small"
"70823","Emmet's Thricycle!",14.99,174,"THE LEGO MOVIE 2","Small"
"60220","Garbage Truck",19.99,90,"City","Small"
"43175","Anna and Elsa's Storybook Adventures",19.99,133,"LEGO Frozen 2","Small"
"43176","Ariel's Storybook Adventures",19.99,105,"Disney","Small"
"43177","Belle's Storybook Adventures",19.99,111,"Disney","Small"
"41600","Aquaman",9.99,135,"BrickHeadz","Small"
"60171","Mountain Fugitives",9.99,88,"City","Small"
"41158","Jasmine's Petite Tower",9.99,49,"Disney","Small"
"41251","Poppy's Pod",19.99,103,"Trolls World Tour","Small"
"41250","Techno Reef Dance Party",19.99,173,"Trolls World Tour","Small"
"21141","The Zombie Cave",19.99,241,"Minecraft","Small"
"41409","Emma's Play Cube - Toy Store",9.99,49,"Friends","Small"
"41354","Andrea's Heart Box",7.99,84,"Friends","Small"
"60178","Speed Record Car",9.99,78,"City","Small"
"70428","Jack's Beach Buggy",19.99,170,"Hidden Side","Small"
"21153","The Wool Farm",19.99,260,"Minecraft","Small"
"75269","Duel on Mustafar",19.99,208,"Star Wars","Small"
"70826","Rex's Rex-treme Offroader!",29.99,236,"THE LEGO MOVIE 2","Small"
"31103","Rocket Truck",19.99,198,"Creator 3-in-1","Small"
"75207","Imperial Patrol Battle Pack",14.99,99,"Star Wars","Small"
"21158","The Panda Nursery",19.99,204,"Minecraft","Small"
"42091","Police Pursuit",19.99,120,"Technic","Small"
"71373","Builder Mario Power-Up Pack",9.99,10,"LEGO Super Mario","Small"
"70847","Good Morning Sparkle Babies!",9.99,50,"THE LEGO MOVIE 2","Small"
"75549","Unstoppable Bike Chase",19.99,136,"Minions","Small"
"60253","Ice-Cream Truck",19.99,200,"City","Small"
"41355","Emma's Heart Box",7.99,85,"Friends","Small"
"41151","Mulan's Training Day",14.99,104,"Disney","Small"
"10920","Elsa and Olaf's Tea Party",19.99,17,"DUPLO","Large"
"41402","Olivia's Play Cube - Researcher",9.99,40,"Friends","Small"
"41403","Mia's Play Cube - Veterinarian",9.99,40,"Friends","Small"
"41404","Emma's Play Cube - Photographer",9.99,36,"Friends","Small"
"11002","Basic Brick Set",19.99,300,"Classic","Small"
"31090","Underwater Robot",19.99,207,"Creator 3-in-1","Small"
"31089","Sunset Track Racer",19.99,221,"Creator 3-in-1","Small"
"41390","Andrea's Car & Stage",19.99,240,"Friends","Small"
"10909","Heart Box",19.99,80,"DUPLO","Large"
"10910","Submarine Adventure",19.99,24,"DUPLO","Large"
"10901","Fire Truck",19.99,21,"DUPLO","Large"
"10873","Minnie's Birthday Party",19.99,21,"Disney","Small"
"10882","Train Tracks",19.99,23,"DUPLO","Large"
"70661","Spinjitzu Zane",9.99,109,"NINJAGO","Small"
"41397","Juice Truck",19.99,103,"Friends","Small"
"71701","Kai's Fire Dragon",19.99,81,"NINJAGO","Small"
"60267","Safari Off-Roader",19.99,168,"City","Small"
"41391","Heartlake City Hair Salon",19.99,235,"Friends","Small"
"75265","T-16 Skyhopper vs Bantha Microfighters",19.99,198,"Star Wars","Small"
"71707","Kai's Mech Jet",19.99,217,"NINJAGO","Small"
"60205","Tracks",19.99,20,"City","Small"
"75223","Naboo Starfighter Microfighter",9.99,62,"Star Wars","Small"
"70683","Spinjitzu Slam - Zane",9.99,63,"NINJAGO","Small"
"41401","Stephanie's Play Cube - Baker",9.99,44,"Friends","Small"
"41358","Mia's Heart Box",7.99,83,"Friends","Small"
"41407","Olivia's Play Cube - Sweet Shop",9.99,47,"Friends","Small"
"60218","Desert Rally Racer",9.99,75,"City","Small"
"42104","Race Truck",19.99,227,"Technic","Small"
"42084","Hook Loader",14.99,176,"Technic","Small"
"41400","Andrea's Play Cube - Singer",9.99,49,"Friends","Small"
"41163","Rapunzel's Small Tower",9.99,44,"Disney","Small"
"41363","Mia's Forest Adventures",14.99,134,"Friends","Small"
"76896","Nissan GT-R NISMO",19.99,298,"Speed Champions","Small"
"41601","Cyborg",9.99,108,"BrickHeadz","Small"
"70637","Cole - Spinjitzu Master",9.99,73,"NINJAGO","Small"
"70648","Zane - Dragon Master",14.99,92,"NINJAGO","Small"
"31072","Extreme Engines",9.99,109,"Creator 3-in-1","Small"
"76090","Mighty Micros: Star-Lord vs. Nebula",9.99,86,"Marvel","Small"
"10885","My First Fun Puzzle",19.99,15,"DUPLO","Large"
"31102","Fire Dragon",19.99,234,"Creator 3-in-1","Small"
"70636","Zane - Spinjitzu Master",9.99,69,"NINJAGO","Small"
"41405","Andrea's Play Cube - Pet Shop",9.99,40,"Friends","Small"
"41287","Bubbles Playground Showdown",19.99,144,"Powerpuff Girls","Small"
"70841","Benny's Space Squad",9.99,68,"THE LEGO MOVIE 2","Small"
"31071","Drone Explorer",9.99,109,"Creator 3-in-1","Small"
"70671","Lloyd's Journey",14.99,81,"NINJAGO","Small"
"41383","Olivia's Hamster Playground",9.99,81,"Friends","Small"
"41907","Desk Organiser",19.99,405,"DOTS","Small"
"41617","Elsa",9.99,130,"BrickHeadz","Small"
"75268","Snowspeeder",19.99,91,"Star Wars","Small"
"75966","Hogwarts Room of Requirement",19.99,193,"Harry Potter","Small"
"75939","Dr. Wu's Lab: Baby Dinosaurs Breakout",19.99,164,"Jurassic World","Small"
"41426","Heartlake City Park Café",19.99,224,"Friends","Small"
"76148","Spider-Man vs. Doc Ock",19.99,234,"Marvel","Small"
"76895","Ferrari F8 Tributo",19.99,275,"Speed Champions","Small"
"76897","1985 Audi Sport Quattro S1",19.99,250,"Speed Champions","Small"
"11008","Bricks and Houses",19.99,270,"Classic","Small"
"75317","The Mandalorian & The Child",19.99,295,"Star Wars","Small"
"71363","Desert Pokey",19.99,180,"LEGO Super Mario","Small"
"70821","Emmet and Benny's 'Build and Fix' Workshop!",19.99,117,"THE LEGO MOVIE 2","Small"
"41915","Jewellery Box",19.99,374,"DOTS","Small"
"41906","Pineapple Pencil Holder",19.99,351,"DOTS","Small"
"10767","Duke Caboom's Stunt Show",19.99,120,"Disney","Small"
"70644","Golden Dragon Master",14.99,92,"NINJAGO","Small"
"70433","J.B.'s Submarine",19.99,224,"Hidden Side","Small"
"70836","Battle-Ready Batman and MetalBeard",19.99,168,"Batman","Small"
"41421","Baby Elephant Jungle Rescue",19.99,203,"Friends","Small"
"42103","Dragster",19.99,225,"Technic","Small"
"75976","Wrecking Ball",19.99,227,"Overwatch","Small"
"42090","Getaway Truck",19.99,128,"Technic","Small"
"71364","Whomp's Lava Trouble",19.99,133,"LEGO Super Mario","Small"
"70647","Kai - Dragon Master",14.99,92,"NINJAGO","Small"
"41602","Rey",9.99,119,"Star Wars","Small"
"76137","Batman vs. The Riddler Robbery",9.99,59,"Batman","Small"
"10403","World Fun",19.99,295,"Classic","Small"
"10904","Baby Animals",9.99,9,"DUPLO","Large"
"60185","Mining Power Splitter",19.99,127,"City","Small"
"10768","Buzz and Bo Peep's Playground Adventure",24.99,139,"Disney","Small"
"75970","Tracer vs. Widowmaker",14.99,129,"Overwatch","Small"
"70684","Spinjitzu Slam - Kai vs. Samurai",19.99,164,"NINJAGO","Small"
"76101","Outrider Dropship Attack",14.99,124,"Marvel","Small"
"75535","Han Solo",24.99,101,"Star Wars","Small"
"31091","Shuttle Transporter",24.99,341,"Creator 3-in-1","Small"
"10915","Alphabet Truck",24.99,36,"DUPLO","Large"
"10872","Train Bridge and Tracks",24.99,26,"DUPLO","Large"
"60184","Mining Team",9.99,82,"City","Small"
"41155","Elsa's Market Adventure",19.99,125,"Disney","Small"
"60207","Drone Chase",29.99,192,"City","Small"
"70646","Jay - Dragon Master",14.99,92,"NINJAGO","Small"
"10871","Airport",24.99,29,"DUPLO","Large"
"21149","Minecraft Alex BigFig with Chicken",14.99,160,"Minecraft","Small"
"42088","Cherry Picker",9.99,155,"Technic","Small"
"76128","Molten Man Battle",29.99,294,"Spider-Man","Small"
"76133","Spider-Man Car Chase",9.99,52,"Marvel","Small"
"70418","J.B.'s Ghost Lab",19.99,174,"Hidden Side","Small"
"75239","Hoth Generator Attack",29.99,235,"Star Wars","Small"
"41603","Kylo Ren",9.99,130,"Star Wars","Small"
"60240","Kayak Adventure",9.99,84,"City","Small"
"10908","Plane",9.99,12,"DUPLO","Large"
"60177","Airshow Jet",9.99,87,"City","Small"
"75224","Sith Infiltrator Microfighter",9.99,92,"Star Wars","Small"
"41606","Star-Lord",9.99,113,"BrickHeadz","Small"
"60213","Dock Side Fire",19.99,97,"City","Small"
"70420","Graveyard Mystery",29.99,335,"Hidden Side","Small"
"60248","Fire Helicopter Response",29.99,93,"City","Small"
"75946","Hungarian Horntail Triwizard Challenge",29.99,265,"Harry Potter","Small"
"41166","Elsa and the Reindeer Carriage",29.99,116,"LEGO Frozen 2","Small"
"60256","Racing Cars",29.99,190,"City","Small"
"70827","Ultrakatty & Warrior Lucy!",29.99,348,"THE LEGO MOVIE 2","Small"
"41253","Lonesome Flats Raft Adventure",29.99,159,"Trolls World Tour","Small"
"43178","Cinderella's Castle Celebration",29.99,168,"Disney","Small"
"70419","Wrecked Shrimp Boat",29.99,310,"Hidden Side","Small"
"71709","Jay and Lloyd's Velocity Racers",29.99,322,"NINJAGO","Small"
"41337","Underwater Loop",29.99,389,"Friends","Small"
"60231","Fire Chief Response Truck",29.99,201,"City","Small"
"11004","Windows of Creativity",29.99,450,"Classic","Small"
"60225","Rover Testing Drive",29.99,202,"City","Small"
"70673","Shuricopter",29.99,361,"NINJAGO","Small"
"21154","The Blaze Bridge",29.99,372,"Minecraft","Small"
"75893","2018 Dodge Challenger SRT Demon and 1970 Dodge Charger R/T",29.99,478,"Speed Champions","Small"
"75971","Hanzo vs. Genji",19.99,197,"Overwatch","Small"
"75248","Resistance A-wing Starfighter",29.99,269,"Star Wars","Small"
"10749","Mia's Organic Food Market",19.99,115,"Friends","Small"
"41252","Poppy's Air Balloon Adventure",29.99,250,"Trolls World Tour","Small"
"41913","Bracelet Mega Pack",24.99,300,"DOTS","Small"
"75194","First Order TIE Fighter Microfighter",9.99,91,"Star Wars","Small"
"70634","Nya - Spinjitzu Master",9.99,69,"NINJAGO","Small"
"10756","Pteranodon Escape",19.99,84,"Juniors","Small"
"21159","The Pillager Outpost",29.99,303,"Minecraft","Small"
"76149","The Menace of Mysterio",29.99,163,"Marvel","Small"
"21150","Minecraft Skeleton BigFig with Magma Cube",14.99,142,"Minecraft","Small"
"60180","Monster Truck",19.99,192,"City","Small"
"10913","Brick Box",29.99,65,"DUPLO","Large"
"60242","Police Highway Arrest",29.99,185,"City","Small"
"10863","My First Animal Brick Box",29.99,34,"DUPLO","Large"
"10921","Super Heroes Lab",29.99,30,"DUPLO","Large"
"71708","Gamer's Market",29.99,218,"NINJAGO","Small"
"41392","Nature Glamping",29.99,241,"Friends","Small"
"71713","Empire Dragon",29.99,286,"NINJAGO","Small"
"41366","Olivia's Cupcake Cafe",29.99,335,"Friends","Small"
"60254","Race Boat Transporter",29.99,238,"City","Small"
"60176","Wild River Escape",19.99,126,"City","Small"
"41348","Service & Care Truck",19.99,247,"Friends","Small"
"76124","War Machine Buster",34.99,362,"Marvel","Small"
"70421","El Fuego's Stunt Truck",39.99,428,"Hidden Side","Small"
"75214","Anakin's Jedi Starfighter",19.99,247,"Star Wars","Small"
"70666","The Golden Dragon",19.99,171,"NINJAGO","Small"
"75198","Tatooine Battle Pack",14.99,97,"Star Wars","Small"
"75270","Obi-Wan's Hut",29.99,200,"Star Wars","Small"
"31073","Mythical Creatures",14.99,223,"Creator 3-in-1","Small"
"41359","Heart Box Friendship Pack",19.99,199,"Friends","Small"
"10769","RV Vacation",34.99,178,"Disney","Small"
"76091","Mighty Micros: Thor vs. Loki",9.99,79,"Marvel","Small"
"75236","Duel on Starkiller Base",19.99,191,"Star Wars","Small"
"41328","Stephanie's Bedroom",9.99,95,"Friends","Small"
"31094","Race Plane",29.99,333,"Creator 3-in-1","Small"
"75238","Action Battle Endor Assault",29.99,193,"Star Wars","Small"
"75195","Ski Speeder vs. First Order Walker Microfighters",19.99,216,"Star Wars","Small"
"75258","Anakin's Podracer  20th Anniversary Edition",29.99,279,"Star Wars","Small"
"70660","Spinjitzu Jay",9.99,97,"NINJAGO","Small"
"70662","Spinjitzu Cole",9.99,117,"NINJAGO","Small"
"75934","Dilophosaurus on the Loose",19.99,168,"Jurassic World","Small"
"21148","Minecraft Steve BigFig with Parrot",14.99,159,"Minecraft","Small"
"75271","Luke Skywalker's Landspeeder",29.99,236,"Star Wars","Small"
"70635","Jay - Spinjitzu Master",9.99,68,"NINJAGO","Small"
"70663","Spinjitzu Nya & Wu",19.99,227,"NINJAGO","Small"
"75950","Aragog's Lair",14.99,157,"Harry Potter","Small"
"75281","Anakin's Jedi Interceptor",29.99,248,"Star Wars","Small"
"75196","A-Wing vs. TIE Silencer Microfighters",19.99,188,"Star Wars","Small"
"75942","Velociraptor: Biplane Rescue Mission",29.99,101,"Jurassic World","Small"
"75967","Forbidden Forest: Umbridge's Encounter",29.99,253,"Harry Potter","Small"
"76150","Spiderjet vs. Venom Mech",29.99,371,"Marvel","Small"
"70429","El Fuego's Stunt Plane",29.99,295,"Hidden Side","Small"
"70430","Newbury Subway",29.99,348,"Hidden Side","Small"
"41427","Emma's Fashion Shop",29.99,343,"Friends","Small"
"41422","Panda Jungle Tree House",29.99,265,"Friends","Small"
"76898","Formula E Panasonic Jaguar Racing GEN2 Car & Jaguar I-PACE eTROPHY",29.99,565,"Speed Champions","Small"
"71365","Piranha Plant Power Slide",29.99,217,"LEGO Super Mario","Small"
"42073","BASH!",19.99,139,"Technic","Small"
"10928","Bakery",34.99,46,"DUPLO","Large"
"10902","Police Station",29.99,38,"DUPLO","Large"
"70633","Kai - Spinjitzu Master",9.99,61,"NINJAGO","Small"
"75197","First Order Specialists Battle Pack",14.99,108,"Star Wars","Small"
"75235","X-wing Starfighter Trench Run",29.99,132,"Star Wars","Small"
"70434","Supernatural Race Car",29.99,244,"Hidden Side","Small"
"71366","Boomer Bill Barrage",29.99,132,"LEGO Super Mario","Small"
"70659","Spinjitzu Kai",9.99,97,"NINJAGO","Small"
"10765","Ariel's Underwater Concert",14.99,92,"Juniors","Small"
"10895","Emmet and Lucy's Visitors from the DUPLO Planet",29.99,53,"THE LEGO MOVIE 2","Small"
"75885","Ford Fiesta M-Sport WRC",14.99,203,"Speed Champions","Small"
"60170","Off-Road Chase",6.99,37,"City","Small"
"70825","Queen Watevra's Build Whatever Box!",39.99,455,"THE LEGO MOVIE 2","Small"
"41376","Turtles Rescue Mission",19.99,225,"Friends","Small"
"60208","Parachute Arrest",39.99,218,"City","Small"
"60235","City Advent Calendar",29.99,234,"City","Small"
"75926","Pteranodon Chase",19.99,126,"Jurassic World","Small"
"41378","Dolphins Rescue Mission",39.99,363,"Friends","Small"
"76113","Spider-Man Bike Rescue",19.99,235,"Marvel","Small"
"60234","People Pack - Fun Fair",39.99,183,"City","Small"
"41168","Elsa's Jewellery Box",39.99,300,"LEGO Frozen 2","Small"
"71710","Ninja Tuner Car",39.99,419,"NINJAGO","Small"
"60226","Mars Research Shuttle",39.99,273,"City","Small"
"75957","The Knight Bus",39.99,403,"Harry Potter","Small"
"70674","Fire Fang",39.99,463,"NINJAGO","Small"
"10861","My First Emotions",19.99,28,"DUPLO","Large"
"76110","Batman: The Attack of the Talons",19.99,155,"Batman","Small"
"10770","Buzz & Woody's Carnival Mania!",49.99,230,"Disney","Small"
"41254","Volcano Rock City Concert",39.99,387,"Trolls World Tour","Small"
"41364","Stephanie's Buggy & Trailer",19.99,166,"Friends","Small"
"10750","Road Repair Truck",9.99,73,"Juniors","Small"
"41362","Heartlake City Supermarket",29.99,140,"Friends","Small"
"70638","Katana V11",19.99,257,"NINJAGO","Small"
"10759","Elastigirl's Rooftop Pursuit",19.99,95,"Juniors","Small"
"42092","Rescue Helicopter",39.99,325,"Technic","Small"
"10762","Belle's Story Time",14.99,87,"Juniors","Small"
"41605","Thanos",9.99,105,"BrickHeadz","Small"
"10754","Spider-Man vs. Scorpion Street Showdown",19.99,125,"Marvel","Small"
"60201","City Advent Calendar",29.99,313,"City","Small"
"41353","Friends Advent Calendar",29.99,500,"Friends","Small"
"60192","Arctic Ice Crawler",24.99,200,"City","Small"
"60214","Burger Bar Fire Rescue",39.99,327,"City","Small"
"10858","My First Puzzle Pets",9.99,18,"DUPLO","Large"
"75884","1968 Ford Mustang Fastback",14.99,183,"Speed Champions","Small"
"75225","Elite Praetorian Guard Battle Pack",14.99,109,"Star Wars","Small"
"76157","Wonder Woman vs. Cheetah",39.99,371,"DC","Small"
"70668","Jay's Storm Fighter",39.99,490,"NINJAGO","Small"
"60181","Forest Tractor",19.99,174,"City","Small"
"41371","Mia's Horse Trailer",29.99,216,"Friends","Small"
"41341","Andrea's Bedroom",9.99,85,"Friends","Small"
"10751","Mountain Police Chase",19.99,115,"Juniors","Small"
"31076","Daredevil Stunt Plane",19.99,200,"Creator 3-in-1","Small"
"31074","Rocket Rally Car",19.99,241,"Creator 3-in-1","Small"
"41454","Dr. Fox Laboratory",29.99,359,"Unikitty!","Small"
"60243","Police Helicopter Chase",39.99,212,"City","Small"
"41367","Stephanie's Obstacle Course",39.99,337,"Friends","Small"
"41393","Baking Competition",39.99,361,"Friends","Small"
"71702","Golden Mech",39.99,489,"NINJAGO","Small"
"76116","Batman Batsub and the Underwater Clash",19.99,174,"Batman","Small"
"76119","Batmobile: Pursuit of The Joker",29.99,342,"Batman","Small"
"41382","Friends Advent Calendar",29.99,330,"Friends","Small"
"41288","Mojo Jojo Strikes",29.99,228,"Powerpuff Girls","Small"
"10712","Bricks and Gears",19.99,244,"Classic","Small"
"21145","The Skull Arena",19.99,198,"Minecraft","Small"
"41327","Mia's Bedroom",9.99,86,"Friends","Small"
"75209","Han Solo's Landspeeder",29.99,345,"Star Wars","Small"
"41609","Chewbacca",9.99,149,"Star Wars","Small"
"10867","Farmers' Market",19.99,26,"DUPLO","Large"
"75226","Inferno Squad Battle Pack",14.99,118,"Star Wars","Small"
"76134","Spider-Man: Doc Ock Diamond Heist",29.99,150,"Marvel","Small"
"76111","Batman: Brother Eye Takedown",29.99,269,"Batman","Small"
"76118","Mr. Freeze Batcycle Battle",19.99,200,"Batman","Small"
"31075","Outback Adventures",19.99,225,"Creator 3-in-1","Small"
"75206","Jedi and Clone Troopers Battle Pack",14.99,102,"Star Wars","Small"
"75886","Ferrari 488 GT3 Scuderia Corsa",14.99,179,"Speed Champions","Small"
"70918","The Bat-Dune Buggy",19.99,198,"DC","Small"
"60179","Ambulance Helicopter",19.99,190,"City","Small"
"70820","LEGO Movie Maker",49.99,482,"THE LEGO MOVIE 2","Small"
"41351","Creative Tuning Shop",39.99,413,"Friends","Small"
"75972","Dorado Showdown",29.99,419,"Overwatch","Small"
"41620","Stormtrooper",9.99,124,"Star Wars","Small"
"70664","Spinjitzu Lloyd vs. Garmadon",19.99,208,"NINJAGO","Small"
"42071","Dozer Compactor",19.99,171,"Technic","Small"
"75958","Beauxbatons' Carriage: Arrival at Hogwarts",49.99,430,"Harry Potter","Small"
"75213","Star Wars Advent Calendar",39.99,307,"Star Wars","Small"
"10862","My First Celebration",14.99,41,"DUPLO","Large"
"76099","Rhino Face-Off by the Mine",19.99,229,"Marvel","Small"
"76164","Iron Man Hulkbuster versus A.I.M. Agent",39.99,456,"Marvel","Small"
"75977","Junkrat & Roadhog",49.99,380,"Overwatch","Small"
"41423","Tiger Hot Air Balloon Jungle Rescue",39.99,302,"Friends","Small"
"76143","Avengers Truck Take-down",39.99,477,"Marvel","Small"
"60264","Ocean Exploration Submarine",39.99,286,"City","Small"
"31105","Townhouse Toy Store",39.99,554,"Creator 3-in-1","Small"
"31107","Space Rover Explorer",39.99,510,"Creator 3-in-1","Small"
"31093","Riverside Houseboat",39.99,396,"Creator 3-in-1","Small"
"41604","Iron Man MK50",9.99,101,"BrickHeadz","Small"
"75247","Rebel A-wing Starfighter",14.99,62,"Star Wars","Small"
"41156","Rapunzel's Castle Bedroom",19.99,156,"Disney","Small"
"10755","Zane's Ninja Boat Pursuit",19.99,131,"Juniors","Small"
"41372","Stephanie's Gymnastics Show",29.99,241,"Friends","Small"
"21163","The Redstone Battle",39.99,504,"Minecraft","Small"
"11005","Creative Fun",39.99,900,"Classic","Small"
"42105","Catamaran",49.99,404,"Technic","Small"
"76115","Spider Mech vs. Venom",49.99,604,"Marvel","Small"
"75250","Pasaana Speeder Chase",39.99,373,"Star Wars","Small"
"41164","Enchanted Tree House",49.99,302,"LEGO Frozen 2","Small"
"41255","Pop Village Celebration",49.99,380,"Trolls World Tour","Small"
"70432","Haunted Fairground",49.99,466,"Hidden Side","Small"
"70422","Shrimp Shack Attack",49.99,578,"Hidden Side","Small"
"70435","Newbury Abandoned Prison",39.99,400,"Hidden Side","Small"
"71376","Thwomp Drop",39.99,393,"LEGO Super Mario","Small"
"75894","1967 Mini Cooper S Rally and 2018 MINI John Cooper Works Buggy",49.99,481,"Speed Champions","Small"
"76096","Superman & Krypto Team-Up",19.99,199,"DC","Small"
"75242","Black Ace TIE Interceptor",49.99,396,"Star Wars","Small"
"41374","Andrea's Pool Party",49.99,468,"Friends","Small"
"60232","Garage Centre",49.99,234,"City","Small"
"75254","AT-ST Raider",49.99,540,"Star Wars","Small"
"70675","Katana 4X4",49.99,450,"NINJAGO","Small"
"76120","Batwing and The Riddler Heist",49.99,489,"Batman","Small"
"31095","Fairground Carousel",49.99,595,"Creator 3-in-1","Small"
"41330","Stephanie's Soccer Practice",14.99,119,"Friends","Small"
"41332","Emma's Art Stand",19.99,210,"Friends","Small"
"76138","Batman and The Joker Escape",39.99,171,"Batman","Small"
"76104","The Hulkbuster Smash-Up",29.99,375,"Marvel","Small"
"75262","Imperial Dropship  20th Anniversary Edition",19.99,125,"Star Wars","Small"
"10757","Raptor Rescue Truck",24.99,85,"Juniors","Small"
"10899","Frozen Ice Castle",49.99,59,"Disney","Small"
"70651","Throne Room Showdown",19.99,221,"NINJAGO","Small"
"31104","Monster Burger Truck",49.99,499,"Creator 3-in-1","Small"
"42072","WHACK!",19.99,135,"Technic","Small"
"60257","Service Station",49.99,354,"City","Small"
"41618","Anna & Olaf",14.99,201,"BrickHeadz","Small"
"41334","Andrea's Park Performance",24.99,229,"Friends","Small"
"41598","The Flash",9.99,122,"DC","Small"
"75964","Harry Potter Advent Calendar",39.99,305,"Harry Potter","Small"
"75537","Darth Maul",29.99,104,"Star Wars","Small"
"41329","Olivia's Deluxe Bedroom",14.99,163,"Friends","Small"
"75215","Cloud-Rider Swoop Bikes",29.99,355,"Star Wars","Small"
"75237","TIE Fighter Attack",19.99,77,"Star Wars","Small"
"75551","Brick-built Minions and their Lair",49.99,876,"Minions","Small"
"75228","Escape Pod vs. Dewback Microfighters",19.99,177,"Star Wars","Small"
"70650","Destiny's Wing",19.99,181,"NINJAGO","Small"
"10889","Mickey's Vacation House",49.99,57,"Disney","Small"
"10903","Fire Station",49.99,76,"DUPLO","Large"
"71711","Jay's Cyber Dragon",49.99,518,"NINJAGO","Small"
"76129","Hydro-Man Attack",39.99,471,"Marvel","Small"
"42089","Power Boat",14.99,174,"Technic","Small"
"71699","Thunder Raider",49.99,576,"NINJAGO","Small"
"60244","Police Helicopter Transport",49.99,317,"City","Small"
"70431","The Lighthouse of Darkness",49.99,540,"Hidden Side","Small"
"75973","D.Va & Reinhardt",39.99,455,"Overwatch","Small"
"21152","Pirate Ship",39.99,386,"Minecraft","Small"
"70837","Shimmer & Shine Sparkle Spa!",69.99,694,"THE LEGO MOVIE 2","Small"
"31077","Modular Sweet Surprises",39.99,396,"Creator 3-in-1","Small"
"10753","The Joker Batcave Attack",24.99,151,"Batman","Small"
"41333","Olivia's Mission Vehicle",19.99,223,"Friends","Small"
"31080","Modular Winter Vacation",34.99,374,"Creator 3-in-1","Small"
"10877","Belle's Tea Party",19.99,19,"Disney","Small"
"70849","Wyld-Mayhem Star Fighter",49.99,405,"THE LEGO MOVIE 2","Small"
"10764","City Central Airport",49.99,376,"Juniors","Small"
"10893","Spider-Man vs. Electro",19.99,29,"Marvel","Small"
"75245","Star Wars Advent Calendar",39.99,280,"Star Wars","Small"
"41349","Drifting Diner",29.99,345,"Friends","Small"
"10879","Gentle Giants Petting Zoo",19.99,24,"Jurassic World","Small"
"21043","San Francisco",49.99,565,"Architecture","Small"
"41160","Ariel's Castle",24.99,115,"Disney","Small"
"70423","Paranormal Intercept Bus 3000",59.99,689,"Hidden Side","Small"
"75887","Porsche 919 Hybrid",14.99,163,"Speed Champions","Small"
"10881","Mickey's Boat",29.99,28,"Disney","Small"
"75935","Baryonyx Face-Off: The Treasure Hunt",59.99,434,"Jurassic World","Small"
"76144","Avengers Hulk Helicopter Rescue",59.99,482,"Marvel","Small"
"76125","Iron Man Hall of Armour",59.99,524,"Marvel","Small"
"75947","Hagrid's Hut: Buckbeak's Rescue",59.99,496,"Harry Potter","Small"
"41380","Lighthouse Rescue Centre",59.99,602,"Friends","Small"
"31096","Twin-Rotor Helicopter",59.99,569,"Creator 3-in-1","Small"
"75241","Action Battle Echo Base Defence",59.99,504,"Star Wars","Small"
"41379","Heartlake City Restaurant",59.99,624,"Friends","Small"
"60227","Lunar Space Station",59.99,412,"City","Small"
"41344","Andrea's Accessories Store",29.99,294,"Friends","Small"
"75937","Triceratops Rampage",59.99,447,"Jurassic World","Small"
"41394","Heartlake City Hospital",49.99,379,"Friends","Small"
"76102","Thor's Weapon Quest",19.99,223,"Marvel","Small"
"75193","Millennium Falcon Microfighter",9.99,92,"Star Wars","Small"
"41619","Darth Vader",9.99,104,"Star Wars","Small"
"10880","T. rex Tower",29.99,22,"Jurassic World","Small"
"75200","Ahch-To Island Training",29.99,241,"Star Wars","Small"
"76114","Spider-Man's Spider Crawler",39.99,418,"Marvel","Small"
"75210","Moloch's Landspeeder",39.99,464,"Star Wars","Small"
"10760","Underminer's Bank Heist",24.99,149,"Juniors","Small"
"41346","Friendship Box",49.99,563,"Friends","Small"
"21044","Paris",49.99,649,"Architecture","Small"
"41342","Emma's Deluxe Bedroom",14.99,183,"Friends","Small"
"41157","Rapunzel's Travelling Caravan",39.99,323,"Disney","Small"
"43180","Belle's Castle Winter Celebration",49.99,238,"Disney","Small"
"76159","Joker's Trike Chase",49.99,440,"Batman","Small"
"10763","Stephanie's Lakeside House",34.99,215,"Friends","Small"
"75940","Gallimimus and Pteranodon Breakout",49.99,391,"Jurassic World","Small"
"70667","Kai's Blade Cycle & Zane's Snowmobile",29.99,376,"NINJAGO","Small"
"76899","Lamborghini Urus ST-X & Huracán Super Trofeo EVO",49.99,663,"Speed Champions","Small"
"41428","Beach House",49.99,444,"Friends","Small"
"71362","Guarded Fortress",49.99,468,"LEGO Super Mario","Small"
"10914","Deluxe Brick Box",49.99,85,"DUPLO","Large"
"21047","Las Vegas",39.99,501,"Architecture","Small"
"42106","Stunt Show Truck & Bike",49.99,610,"Technic","Small"
"42093","Chevrolet Corvette ZR1",49.99,579,"Technic","Small"
"75927","Stygimoloch Breakout",29.99,222,"Jurassic World","Small"
"10404","Ocean's Bottom",29.99,579,"Classic","Small"
"60245","Police Monster Truck Heist",59.99,362,"City","Small"
"75229","Death Star Escape",29.99,329,"Star Wars","Small"
"41335","Mia's Tree House",29.99,351,"Friends","Small"
"41368","Andrea's Talent Show",49.99,492,"Friends","Small"
"10874","Steam Train",59.99,59,"DUPLO","Large"
"75277","Boba Fett",59.99,625,"Star Wars","Small"
"60217","Fire Plane",59.99,363,"City","Small"
"75888","Porsche 911 RSR and 911 Turbo 3.0",29.99,391,"Speed Champions","Small"
"41622","Peter Venkman & Slimer",19.99,228,"BrickHeadz","Small"
"60223","Harvester Transport",29.99,358,"City","Small"
"75276","Stormtrooper",59.99,647,"Star Wars","Small"
"75249","Resistance Y-wing Starfighter",69.99,578,"Star Wars","Small"
"76130","Stark Jet and the Drone Attack",69.99,504,"Spider-Man","Small"
"75953","Hogwarts Whomping Willow",69.99,753,"Harry Potter","Small"
"75240","Major Vonreg's TIE Fighter",69.99,496,"Star Wars","Small"
"60215","Fire Station",69.99,509,"City","Small"
"10864","Large Playground Brick Box",49.99,71,"DUPLO","Large"
"21051","Tokyo",59.99,547,"Architecture","Small"
"75278","D-O",69.99,519,"Star Wars","Small"
"21052","Dubai",59.99,740,"Architecture","Small"
"41365","Emma's Art Studio",24.99,235,"Friends","Small"
"21316","The Flintstones",59.99,748,"Ideas","Small"
"76097","Lex Luthor Mech Takedown",39.99,406,"DC","Small"
"70828","Pop-Up Party Bus",79.99,1024,"THE LEGO MOVIE 2","Small"
"21160","The Illager Raid",59.99,562,"Minecraft","Small"
"41352","The Big Race Day",59.99,648,"Friends","Small"
"76152","Avengers Wrath of Loki",59.99,223,"Marvel","Small"
"60261","Central Airport",59.99,286,"City","Small"
"10761","The Great Home Escape",29.99,178,"Juniors","Small"
"21039","Shanghai",59.99,597,"Architecture","Small"
"10906","Tropical Island",59.99,73,"DUPLO","Large"
"10929","Modular Playhouse",59.99,129,"DUPLO","Large"
"76165","Iron Man",59.99,480,"Marvel","Small"
"70436","Phantom Fire Truck 3000",59.99,760,"Hidden Side","Small"
"21319","Central Perk",59.99,1070,"Ideas","Small"
"21320","Dinosaur Fossils",59.99,910,"Ideas","Small"
"76117","Batman Mech vs. Poison Ivy Mech",39.99,375,"Batman","Small"
"31085","Mobile Stunt Show",49.99,581,"Creator 3-in-1","Small"
"21138","The Melon Farm",14.99,69,"Minecraft","Small"
"41369","Mia's House",69.99,715,"Friends","Small"
"41616","Hermione Granger",9.99,127,"BrickHeadz","Small"
"70639","Street Race of Snake Jaguar",29.99,308,"NINJAGO","Small"
"75216","Snoke's Throne Room",69.99,492,"Star Wars","Small"
"75955","Hogwarts Express",79.99,801,"Harry Potter","Small"
"43172","Elsa's Ice Palace",79.99,701,"LEGO Frozen 2","Small"
"41167","Arendelle Castle",79.99,521,"LEGO Frozen 2","Small"
"75208","Yoda's Hut",29.99,229,"Star Wars","Small"
"60172","Dirt Road Pursuit",39.99,297,"City","Small"
"70829","Emmet and Lucy's Escape Buggy!",49.99,550,"THE LEGO MOVIE 2","Small"
"31083","Cruising Adventures",59.99,597,"Creator 3-in-1","Small"
"76100","Royal Talon Fighter Attack",29.99,358,"Marvel","Small"
"60182","Pickup & Caravan",29.99,344,"City","Small"
"60193","Arctic Air Transport",39.99,277,"City","Small"
"75974","Bastion",49.99,602,"Overwatch","Small"
"41161","Aladdin's and Jasmine's Palace Adventures",29.99,193,"Disney","Small"
"21142","The Polar Igloo",29.99,278,"Minecraft","Small"
"75975","Watchpoint: Gibraltar",89.99,730,"Overwatch","Small"
"41455","Unikingdom Creative Brick Box",39.99,433,"Unikitty!","Small"
"75928","Blue's Helicopter Pursuit",39.99,397,"Jurassic World","Small"
"41338","Stephanie's Sports Arena",44.99,460,"Friends","Small"
"42107","Ducati Panigale V4 R",69.99,646,"Technic","Small"
"60183","Heavy Cargo Transport",29.99,310,"City","Small"
"41429","Heartlake City Airplane",69.99,574,"Friends","Small"
"75968","4 Privet Drive",69.99,797,"Harry Potter","Small"
"41395","Friendship Bus",69.99,778,"Friends","Small"
"31108","Caravan Family Holiday",69.99,766,"Creator 3-in-1","Small"
"60202","People Pack - Outdoor Adventures",39.99,164,"City","Small"
"41610","Tactical Batman & Superman",19.99,209,"BrickHeadz","Small"
"60186","Mining Heavy Driller",49.99,294,"City","Small"
"21321","International Space Station",69.99,864,"Ideas","Small"
"75284","Knights of Ren Transport Ship",69.99,595,"Star Wars","Small"
"21161","The Crafting Box 3.0",69.99,564,"Minecraft","Small"
"21143","The Nether Portal",39.99,470,"Minecraft","Small"
"10758","T. Rex Breakout",49.99,150,"Juniors","Small"
"71712","Empire Temple of Madness",79.99,810,"NINJAGO","Small"
"70676","Lloyd's Titan Mech",79.99,876,"NINJAGO","Small"
"70670","Monastery of Spinjitzu",79.99,1070,"NINJAGO","Small"
"75205","Mos Eisley Cantina",39.99,376,"Star Wars","Small"
"70640","S.O.G. Headquarters",39.99,530,"NINJAGO","Small"
"75201","First Order AT-ST",39.99,370,"Star Wars","Small"
"31097","Townhouse Pet Shop & Café",79.99,969,"Creator 3-in-1","Small"
"60194","Arctic Scout Truck",59.99,322,"City","Small"
"10876","Spider-Man & Hulk Adventures",29.99,38,"DUPLO","Large"
"75199","General Grievous' Combat Speeder",29.99,157,"Star Wars","Small"
"31079","Sunshine Surfer Van",34.99,379,"Creator 3-in-1","Small"
"21139","The Nether Fight",14.99,84,"Minecraft","Small"
"42074","Racing Yacht",39.99,330,"Technic","Small"
"21045","Trafalgar Square",79.99,1197,"Architecture","Small"
"70679","The Ultra Dragon",84.99,951,"NINJAGO","Small"
"41623","Ariel & Ursula",19.99,361,"BrickHeadz","Small"
"75534","Darth Vader",39.99,168,"Star Wars","Small"
"21314","TRON: Legacy",34.99,230,"Ideas","Small"
"75261","Clone Scout Walker  20th Anniversary Edition",29.99,250,"Star Wars","Small"
"75286","General Grievous's Starfighter",79.99,487,"Star Wars","Small"
"75272","Sith TIE Fighter",79.99,470,"Star Wars","Small"
"76151","Venomosaurus Ambush",79.99,640,"Marvel","Small"
"21155","The Creeper Mine",79.99,834,"Minecraft","Small"
"60265","Ocean Exploration Base",79.99,497,"City","Small"
"41424","Jungle Rescue Base",79.99,648,"Friends","Small"
"76126","Avengers Ultimate Quinjet",79.99,840,"Marvel","Small"
"76131","Avengers Compound Battle",99.99,699,"Marvel","Small"
"41433","Party Boat",79.99,640,"Friends","Small"
"42095","Remote-Controlled Stunt Racer",99.99,324,"Technic","Small"
"41381","Rescue Mission Boat",89.99,908,"Friends","Small"
"60233","Donut Shop Opening",89.99,790,"City","Small"
"21041","Great Wall of China",49.99,551,"Architecture","Small"
"41153","Ariel's Royal Celebration Boat",49.99,380,"Disney","Small"
"60173","Mountain Arrest",59.99,303,"City","Small"
"31081","Modular Skate House",39.99,422,"Creator 3-in-1","Small"
"41615","Harry Potter & Hedwig",14.99,180,"BrickHeadz","Small"
"10868","Farm Pony Stable",29.99,59,"DUPLO","Large"
"42075","First Responder",49.99,513,"Technic","Small"
"60210","Air Base",89.99,529,"City","Small"
"41336","Emma's Art Café",32.99,378,"Friends","Small"
"70831","Emmet's Dream House/Rescue Rocket!",69.99,706,"THE LEGO MOVIE 2","Small"
"60209","Diamond Heist",59.99,400,"City","Small"
"75234","AT-AP Walker",59.99,689,"Star Wars","Small"
"21315","Pop-Up Book",69.99,859,"Ideas","Small"
"75259","Snowspeeder  20th Anniversary Edition",39.99,309,"Star Wars","Small"
"41597","Go Brick Me",29.99,708,"BrickHeadz","Small"
"75273","Poe Dameron's X-wing Fighter",89.99,761,"Star Wars","Small"
"75938","T. rex vs Dino-Mech Battle",89.99,716,"Jurassic World","Small"
"75948","Hogwarts Clock Tower",89.99,922,"Harry Potter","Small"
"10405","Mission to Mars",59.99,871,"Classic","Small"
"76166","Avengers Tower Battle",89.99,685,"Marvel","Small"
"76160","Mobile Bat Base",89.99,743,"DC","Small"
"10271","Fiat 500",89.99,960,"Creator Expert","Small"
"21317","Steamboat Willie",89.99,751,"Ideas","Small"
"75255","Yoda",99.99,1771,"Star Wars","Small"
"70678","Castle of the Forsaken Emperor",99.99,1218,"NINJAGO","Small"
"60228","Deep Space Rocket and Launch Control",99.99,837,"City","Small"
"60216","Downtown Fire Brigade",99.99,943,"City","Small"
"76107","Thanos: Ultimate Battle",69.99,674,"Marvel","Small"
"70838","Queen Watevra's So-Not-Evil' Space Palace",99.99,997,"THE LEGO MOVIE 2","Small"
"70652","Stormbringer",39.99,493,"NINJAGO","Small"
"71360","Adventures with Mario",59.99,231,"LEGO Super Mario","Small"
"41162","Ariel, Aurora, and Tiana's Royal Celebration",39.99,282,"Disney","Small"
"70658","Oni Titan",49.99,522,"NINJAGO","Small"
"75533","Boba Fett",29.99,144,"Star Wars","Small"
"70669","Cole's Earth Driller",49.99,587,"NINJAGO","Small"
"10907","World Animals",99.99,121,"DUPLO","Large"
"21042","Statue of Liberty",119.99,1685,"Architecture","Small"
"10878","Rapunzel's Tower",29.99,37,"DUPLO","Large"
"10266","NASA Apollo 11 Lunar Lander",99.99,1087,"Creator Expert","Small"
"10269","Harley-Davidson Fat Boy",99.99,1023,"Creator Expert","Small"
"76122","Batcave Clayface Invasion",99.99,1038,"Batman","Small"
"21054","The White House",99.99,1483,"Architecture","Small"
"42111","Dom's Dodge Charger",99.99,1077,"Technic","Small"
"60262","Passenger Airplane",99.99,669,"City","Small"
"41430","Summer Fun Water Park",99.99,1001,"Friends","Small"
"31109","Pirate Ship",99.99,1264,"Creator 3-in-1","Small"
"75536","Range Trooper",24.99,101,"Star Wars","Small"
"70830","Sweet Mayhem's Systar Starship!",69.99,502,"THE LEGO MOVIE 2","Small"
"75941","Indominus rex vs. Ankylosaurus",99.99,537,"Jurassic World","Small"
"10277","Crocodile Locomotive",99.99,1271,"Creator Expert","Small"
"75969","Hogwarts Astronomy Tower",99.99,971,"Harry Potter","Small"
"75954","Hogwarts Great Hall",99.99,878,"Harry Potter","Small"
"10267","Gingerbread House",99.99,1477,"Creator Expert","Small"
"70835","Rex's Rexplorer!",119.99,1187,"THE LEGO MOVIE 2","Small"
"42108","Mobile Crane",99.99,1292,"Technic","Small"
"70437","Mystery Castle",99.99,1035,"Hidden Side","Small"
"60246","Police Station",99.99,743,"City","Small"
"60258","Tuning Workshop",99.99,897,"City","Small"
"70424","Ghost Train Express",79.99,698,"Hidden Side","Small"
"75202","Defense of Crait",84.99,746,"Star Wars","Small"
"75219","Imperial AT-Hauler",99.99,829,"Star Wars","Small"
"60196","Arctic Supply Plane",79.99,707,"City","Small"
"70641","Ninja Nightcrawler",39.99,552,"NINJAGO","Small"
"75933","T. Rex Transport",69.99,609,"Jurassic World","Small"
"21046","Empire State Building",129.99,1767,"Architecture","Small"
"75217","Imperial Conveyex Transport",89.99,622,"Star Wars","Small"
"70677","Land Bounty",129.99,1178,"NINJAGO","Small"
"41375","Heartlake City Amusement Pier",129.99,1251,"Friends","Small"
"76098","Speed Force Freeze Pursuit",29.99,271,"DC","Small"
"76153","Avengers Helicarrier",119.99,1244,"Marvel","Small"
"31197","Andy Warhol's Marilyn Monroe",119.99,3341,"LEGO Art","Small"
"75243","Slave I - 20th Anniversary Edition",119.99,1007,"Star Wars","Small"
"31198","The Beatles",119.99,2933,"LEGO Art","Small"
"31200","Star Wars The Sith",119.99,3406,"LEGO Art","Small"
"70653","Firstbourne",69.99,882,"NINJAGO","Small"
"76103","Corvus Glaive Thresher Attack",39.99,416,"Marvel","Small"
"42079","Heavy Duty Forklift",69.99,592,"Technic","Small"
"42096","Porsche 911 RSR",149.99,1580,"Technic","Small"
"10875","Cargo Train",119.99,105,"DUPLO","Large"
"42076","Hovercraft",89.99,1020,"Technic","Small"
"42109","App-Controlled Top Gear Rally Car",129.99,463,"Powered UP","Small"
"75256","Kylo Ren's Shuttle",129.99,1005,"Star Wars","Small"
"75251","Darth Vader's Castle",129.99,1060,"Star Wars","Small"
"75889","Ferrari Ultimate Garage",99.99,841,"Speed Champions","Small"
"70425","Newbury Haunted High School",129.99,1474,"Hidden Side","Small"
"75292","The Razor Crest",129.99,1023,"Star Wars","Small"
"75230","Porg",69.99,811,"Star Wars","Small"
"42094","Tracked Loader",79.99,827,"Technic","Small"
"60197","Passenger Train",159.99,677,"City","Small"
"60229","Rocket Assembly &Transport",149.99,1055,"City","Small"
"75929","Carnotaurus Gyrosphere Escape",79.99,577,"Jurassic World","Small"
"41152","Sleeping Beauty's Fairytale Castle",39.99,322,"Disney","Small"
"76112","App-Controlled Batmobile",99.99,321,"DC","Small"
"21146","The Skeleton Attack",39.99,457,"Minecraft","Small"
"41339","Mia's Camper Van",54.99,488,"Friends","Small"
"60174","Mountain Police Headquarters",89.99,663,"City","Small"
"75233","Droid Gunship",49.99,389,"Star Wars","Small"
"10265","Ford Mustang",149.99,1471,"Creator Expert","Small"
"60266","Ocean Exploration Ship",149.99,745,"City","Small"
"70923","The Bat-Space Shuttle",79.99,643,"DC","Small"
"21313","Ship in a Bottle",69.99,962,"Ideas","Small"
"60195","Arctic Mobile Exploration Base",119.99,786,"City","Small"
"42080","Forest Harvester",149.99,1003,"Technic","Small"
"41154","Cinderella's Dream Castle",69.99,585,"Disney","Small"
"75257","Millennium Falcon",159.99,1353,"Star Wars","Small"
"70642","Killow vs. Samurai X",49.99,556,"NINJAGO","Small"
"41345","Heartlake City Pet Centre",59.99,474,"Friends","Small"
"42077","Rally Car",109.99,1005,"Technic","Small"
"21147","The Bedrock Adventures",89.99,644,"Minecraft","Small"
"75218","X-wing Starfighter",79.99,730,"Star Wars","Small"
"42097","Compact Crawler Crane",99.99,920,"Technic","Small"
"31084","Pirate Roller Coaster",89.99,923,"Creator 3-in-1","Small"
"75221","Imperial Landing Craft",89.99,636,"Star Wars","Small"
"42081","Volvo Concept Wheel Loader ZEUX",139.99,1167,"Technic","Small"
"42110","Land Rover Defender",199.99,2573,"Technic","Small"
"42098","Car Transporter",179.99,2493,"Technic","Small"
"10270","Bookshop",179.99,2504,"Creator Expert","Small"
"60198","Cargo Train",229.99,1227,"City","Small"
"41340","Friendship House",69.99,722,"Friends","Small"
"10268","Vestas Wind Turbine",199.99,826,"Creator Expert","Small"
"76105","The Hulkbuster: Ultron Edition",119.99,1363,"Marvel","Small"
"70655","Dragon Pit",129.99,1660,"NINJAGO","Small"
"76108","Sanctum Sanctorum Showdown",99.99,1004,"Marvel","Small"
"75253","Droid Commander",199.99,1177,"Star Wars","Small"
"21144","The Farm Cottage",49.99,549,"Minecraft","Small"
"75810","The Upside Down",199.99,2287,"Stranger Things","Small"
"10264","Corner Garage",199.99,2569,"Creator Expert","Small"
"75244","Tantive IV",199.99,1768,"Star Wars","Small"
"75275","A-wing Starfighter",199.99,1673,"Star Wars","Small"
"21322","Pirates of Barracuda Bay",199.99,2545,"Ideas","Small"
"75211","Imperial TIE Fighter",69.99,519,"Star Wars","Small"
"75930","Indoraptor Rampage at Lockwood Estate",129.99,1019,"Jurassic World","Small"
"60204","City Hospital",99.99,861,"City","Small"
"70654","Dieselnaut",109.99,1179,"NINJAGO","Small"
"75220","Sandcrawler",139.99,1239,"Star Wars","Small"
"42099","4x4 X-Treme Off-Roader",249.99,958,"Powered UP","Small"
"70839","The Rexcelsior!",149.99,1826,"THE LEGO MOVIE 2","Small"
"41347","Heartlake City Resort",99.99,1017,"Friends","Small"
"75288","AT-AT",159.99,1267,"Star Wars","Small"
"60188","Mining Experts Site",99.99,883,"City","Small"
"60200","Capital City",149.99,1211,"City","Small"
"42114","6x6 Volvo Articulated Hauler",249.99,2193,"Technic","Small"
"10260","Downtown Diner",169.99,2480,"Creator Expert","Small"
"75212","Kessel Run Millennium Falcon",169.99,1414,"Star Wars","Small"
"70643","Temple of Resurrection",69.99,765,"NINJAGO","Small"
"42082","Rough Terrain Crane",299.99,4057,"Technic","Small"
"10272","Old Trafford - Manchester United",299.99,3898,"Creator Expert","Small"
"10869","Farm Adventures",59.99,104,"DUPLO","Large"
"42078","Mack Anthem",179.99,2595,"Technic","Small"
"42083","Bugatti Chiron",349.99,3599,"Technic","Small"
"10261","Roller Coaster",379.99,4124,"Creator Expert","Small"
"21311","Voltron",179.99,2321,"Ideas","Small"
"71043","Hogwarts Castle",399.99,6020,"Harry Potter","Small"
"70657","NINJAGO City Docks",229.99,3553,"NINJAGO","Small"
"42100","Liebherr R 9800",449.99,4108,"Powered UP","Small"
"75222","Betrayal at Cloud City",349.99,2812,"Star Wars","Small"
"75252","Imperial Star Destroyer",699.99,4784,"Star Wars","Small"
"40362","Battle of Endor",14.99,197,"Star Wars","Small"
"30556","Mini Frame",4.99,85,"DOTS","Small"
"41914","Creative Picture Frames",19.99,398,"DOTS","Small"
"30326","Farm - Girl",3.49,4,"DUPLO","Large"
"30341","Monkie Kid's Delivery Bike",4.99,22,"Monkie Kid","Small"
"30357","Road Worker",3.99,58,"City","Small"
"30359","Police Water Plane",3.99,48,"City","Small"
"30360","Arctic Ice Saw",3.99,43,"City","Small"
"30365","Space Satellite",3.99,36,"City","Small"
"30369","Beach Buggy",4.99,45,"City","Small"
"30382","Baby Velociraptor Playpen",3.99,48,"Jurassic World","Small"
"30403","Olivia's Remote Control Boat",3.99,25,"Friends","Small"
"30406","Unikitty Roller Coaster Wagon",3.99,46,"Unikitty!","Small"
"30411","Chocolate Box & Flower",4.99,75,"Friends","Small"
"30450","Royal Talon Fighter",3.99,59,"Marvel","Small"
"30460","Rex's Plantimal Ambush",3.99,32,"THE LEGO MOVIE 2","Small"
"30525","The Guardians' Ship",3.99,69,"Marvel","Small"
"30555","Poppy's Carriage",4.99,51,"Trolls World Tour","Small"
"40298","DJ",4.99,22,"Star Wars","Small"
"40311","Traffic Lights",3.99,46,"Xtra","Small"
"40312","Streetlamps",3.99,34,"Xtra","Small"
"40342","Ninjago Minifigure Pack",12.99,59,"NINJAGO","Small"
"40343","Spider-Man and the Museum Break-In",14.99,49,"Marvel","Small"
"40344","Summer Celebration Minifigure Pack",12.99,45,"Minifigures","Small"
"40372","Police MF Accessory Set",12.99,42,"Minifigures","Small"
"40373","Fairground Accessory Set",12.99,51,"Minifigures","Small"
"40375","Sports Accessories",3.99,36,"Xtra","Small"
"40376","Botanical Accessories",3.99,32,"Xtra","Small"
"40418","Falcon & Black Widow Team-Up",14.99,60,"Marvel","Small"
"70685","Spinjitzu Burst - Cole",9.99,48,"NINJAGO","Small"
"70687","Spinjitzu Burst Lloyd",9.99,48,"NINJAGO","Small"
"40374","Golden Zane Accessory Set",12.99,73,"NINJAGO","Small"
"41406","Stephanie's Play Cube - Beauty Salon",9.99,44,"Friends","Small"
"41434","Andrea's Jungle Play Cube",9.99,47,"Friends","Small"
"41435","Stephanie's Jungle Play Cube",9.99,41,"Friends","Small"
"41436","Olivia's Jungle Play Cube",9.99,51,"Friends","Small"
"41437","Mia's Jungle Play Cube",9.99,43,"Friends","Small"
"30624","Obi-Wan Kenobi - Collectable Minifigure",3.99,12,"Star Wars","Small"
"30325","My First Dinosaur",3.49,7,"DUPLO","Large"
"40419","Hogwarts Students Accessory Set",14.99,53,"Harry Potter","Small"
"10884","My First Balancing Animals",14.99,15,"DUPLO","Large"
"10930","Bulldozer",9.99,10,"DUPLO","Large"
"10887","Creative Fun",39.99,120,"DUPLO","Large"
"10931","Truck & Tracked Excavator",19.99,20,"DUPLO","Large"
"71026","Mister Miracle",4.99,9,"DC","Small"
"71027","Piñata Boy",4.99,8,"Minifigures","Small"
"10919","Batcave",29.99,33,"Batman","Small"
"10922","Ariel's Undersea Castle",29.99,35,"Disney","Small"
"10934","Creative Animals",59.99,175,"DUPLO","Large"
"71028","Harry Potter",4.99,8,"Harry Potter","Small"
"30542","Cute Pug",3.99,68,"Creator 3-in-1","Small"
"10932","Wrecking Ball Demolition",59.99,56,"DUPLO","Large"
"40273","Thanksgiving Turkey",9.99,114,"BrickHeadz","Small"
"10924","Lightning McQueen's Race Day",29.99,42,"Disney","Small"
"40377","Donald Duck",9.99,90,"Disney","Small"
"10748","Emma's Pet Party",9.99,67,"Friends","Small"
"41599","Wonder Woman",9.99,143,"BrickHeadz","Small"
"40350","Easter Chick",9.99,120,"BrickHeadz","Small"
"40361","Olaf's Traveling Sleigh",12.99,97,"Disney","Small"
"40379","Valentine's Bear",9.99,150,"BrickHeadz","Small"
"40436","Lucky Cat",9.99,134,"BrickHeadz","Small"
"40348","Birthday Clown",9.99,150,"BrickHeadz","Small"
"40349","Valentine's Puppy",9.99,147,"BrickHeadz","Small"
"40354","Dragon Dance Guy",9.99,170,"BrickHeadz","Small"
"40367","Lady Liberty",9.99,153,"BrickHeadz","Small"
"40380","Easter Sheep",9.99,192,"BrickHeadz","Small"
"40383","Wedding Bride",12.99,306,"BrickHeadz","Small"
"40384","Wedding Groom",12.99,255,"BrickHeadz","Small"
"10402","Fun Future",9.99,186,"Classic","Small"
"10933","Tower Crane & Construction",129.99,123,"DUPLO","Large"
"70833","Lucy's Builder Box!",29.99,141,"THE LEGO MOVIE 2","Small"
"70832","Emmet's Builder Box!",29.99,125,"THE LEGO MOVIE 2","Small"
"76109","Quantum Realm Explorers",19.99,200,"Marvel","Small"
"43183","Moana's Island Home",29.99,202,"Disney","Small"
"60230","People Pack - Space Research and Development",39.99,209,"City","Small"
"71718","Wu's Battle Dragon",19.99,321,"NINJAGO","Small"
"76167","Iron Man Armory",29.99,258,"Marvel","Small"
"10717","Bricks Bricks Bricks",59.99,1500,"Classic","Small"
"41611","Marty McFly & Doc Brown",19.99,240,"BrickHeadz","Small"
"40289","Diagon Alley",19.99,374,"Harry Potter","Small"
"75931","Dilophosaurus Outpost Attack",39.99,289,"Jurassic World","Small"
"41621","Ron Weasley & Albus Dumbledore",19.99,245,"BrickHeadz","Small"
"40333","Battle of Hoth - 20th Anniversary Edition",14.99,195,"Star Wars","Small"
"40378","Goofy & Pluto",14.99,214,"Disney","Small"
"43182","Mulan's Training Grounds",29.99,157,"Disney","Small"
"41373","Funny Octopus Ride",39.99,324,"Friends","Small"
"75232","Kylo Ren & Sith Trooper",19.99,240,"Star Wars","Small"
"41614","Owen & Blue",19.99,234,"BrickHeadz","Small"
"76162","Black Widow's Helicopter Chase",29.99,271,"Marvel","Small"
"76163","Venom Crawler",29.99,413,"Marvel","Small"
"75283","Armored Assault Tank (AAT)",39.99,286,"Star Wars","Small"
"76127","Captain Marvel and The Skrull Attack",29.99,307,"Marvel","Small"
"40274","Mr. & Mrs. Claus",19.99,341,"BrickHeadz","Small"
"40407","Death Star II Battle",14.99,235,"Star Wars","Small"
"75280","501st Legion Clone Troopers",29.99,285,"Star Wars","Small"
"75203","Hoth Medical Chamber",29.99,255,"Star Wars","Small"
"75204","Sandspeeder",29.99,278,"Star Wars","Small"
"11003","Bricks and Eyes",29.99,451,"Classic","Small"
"41398","Stephanie's House",39.99,170,"Friends","Small"
"70842","Emmet's Triple-Decker Couch Mech",29.99,312,"THE LEGO MOVIE 2","Small"
"71717","Journey to the Skull Dungeons",29.99,401,"NINJAGO","Small"
"75294","Bespin Duel",39.99,295,"Star Wars","Small"
"80006","White Dragon Horse Bike",34.99,259,"Monkie Kid","Small"
"40353","Reindeer, Elf and Elfie",19.99,281,"BrickHeadz","Small"
"71703","Storm Fighter Battle",29.99,165,"NINJAGO","Small"
"11011","Bricks and Animals",59.99,1500,"Classic","Small"
"41350","Spinning Brushes Car Wash",29.99,325,"Friends","Small"
"60260","Air Race",39.99,140,"City","Small"
"11009","Bricks and Lights",29.99,441,"Classic","Small"
"75956","Quidditch Match",39.99,500,"Harry Potter","Small"
"80007","Iron Bull Tank",49.99,430,"Monkie Kid","Small"
"41256","Rainbow Caterbus",39.99,395,"Trolls World Tour","Small"
"71704","Kai Fighter",39.99,513,"NINJAGO","Small"
"75932","Jurassic Park Velociraptor Chase",39.99,360,"Jurassic World","Small"
"10263","Winter Village Fire Station",99.99,1166,"Creator Expert","Small"
"71720","Fire Stone Mech",69.99,968,"NINJAGO","Small"
"75291","Death Star Final Duel",99.99,775,"Star Wars","Small"
"75293","Resistance I-TS Transport",99.99,932,"Star Wars","Small"
"11717","Bricks Bricks Plates",69.99,1504,"Classic","Small"
"75274","TIE Fighter Pilot",59.99,724,"Star Wars","Small"
"75979","Hedwig",39.99,630,"Harry Potter","Small"
"31078","Tree House Treasures",29.99,260,"Creator 3-in-1","Small"
"80008","Monkie Kid's Cloud Jet",59.99,390,"Monkie Kid","Small"
"71719","Zane's Mino Creature",49.99,616,"NINJAGO","Small"
"10262","James Bond Aston Martin DB5",149.99,1295,"Creator Expert","Small"
"75980","Attack on The Burrow",99.99,1047,"Harry Potter","Small"
"60270","Police Brick Box",39.99,301,"City","Small"
"31098","Outback Cabin",29.99,305,"Creator 3-in-1","Small"
"80010","Demon Bull King",89.99,585,"Monkie Kid","Small"
"71721","Skull Sorcerer's Dragon",79.99,1016,"NINJAGO","Small"
"41258","Vibe City Concert",59.99,494,"Trolls World Tour","Small"
"41432","Alpaca Mountain Jungle Rescue",59.99,512,"Friends","Small"
"80009","Pigsy's Food Truck",69.99,455,"Monkie Kid","Small"
"42112","Concrete Mixer Truck",119.99,1163,"Technic","Small"
"41431","Heartlake City Brick Box",39.99,321,"Friends","Small"
"75181","Y-wing Starfighter",199.99,1967,"Star Wars","Small"
"43179","Mickey Mouse and Minnie Mouse",179.99,1739,"Disney","Small"
"80011","Red Son's Inferno Truck",119.99,1111,"Monkie Kid","Small"
"71722","Skull Sorcerer's Dungeons",99.99,1171,"NINJAGO","Small"
"80012","Monkey King Warrior Mech",149.99,975,"Monkie Kid","Small"
"10273","Haunted House",249.99,3231,"Creator Expert","Small"
"71705","Destiny's Bounty",129.99,1781,"NINJAGO","Small"
"60203","Ski Resort",89.99,806,"City","Small"
"71044","Disney Train and Station",329.99,2925,"Powered UP","Small"
"76139","1989 Batmobile",249.99,3306,"Batman","Small"
"21318","Tree House",199.99,3036,"Ideas","Small"
"70840","Welcome to Apocalypseburg!",299.99,3178,"THE LEGO MOVIE 2","Small"
"75936","Jurassic Park: T. rex Rampage",249.99,3120,"Jurassic World","Small"
"80013","Monkie Kid's Team Secret HQ",169.99,1105,"Monkie Kid","Small"
"21323","Grand Piano",349.99,3662,"Ideas","Small"
"42115","Lamborghini Sián FKP 37",379.99,3696,"Technic","Small"
"30342","Lamborghini Huracán Super Trofeo EVO",4.99,70,"Speed Champions","Small"
"31199","Marvel Studios Iron Man",119.99,3167,"LEGO Art","Small"
"40309","Food Accessories",3.99,30,"Xtra","Small"
"40310","Botanical Accessories",3.99,24,"Xtra","Small"
"40313","Bicycles",3.99,21,"Xtra","Small"
"40341","Sea Accessories",3.99,24,"Xtra","Small"
"40381","Monkey King",9.99,175,"BrickHeadz","Small"
"40386","Batman",19.99,115,"LEGO Brick Sketches","Small"
"40391","First Order Stormtrooper",19.99,151,"Star Wars","Small"
"40412","Hagrid & Buckbeak",19.99,270,"Harry Potter","Small"
"40422","Frankenstein",9.99,108,"BrickHeadz","Small"
"40428","The Joker",19.99,170,"LEGO Brick Sketches","Small"
"40431","BB-8",19.99,171,"Star Wars","Small"
"41420","Friends Advent Calendar",29.99,236,"Friends","Small"
"45025","Coding Express",198.95,234,"LEGO Education","Small"
"45026","Tubes",139.95,150,"LEGO Education","Small"
"45028","My XL World",239.95,480,"LEGO Education","Small"
"45680","Expansion Set",99.95,603,"LEGO Education","Small"
"60268","City Advent Calendar",29.99,342,"City","Small"
"60271","Main Square",199.99,1517,"City","Small"
"71361","Paragoomba",4.99,23,"LEGO Super Mario","Small"
"71374","Nintendo Entertainment System",229.99,2646,"LEGO Super Mario","Small"
"71377","King Boo and the Haunted Yard",49.99,431,"LEGO Super Mario","Small"
"75279","Star Wars Advent Calendar",39.99,311,"Star Wars","Small"
"75290","Mos Eisley Cantina",349.99,3187,"Star Wars","Small"
"75978","Diagon Alley",399.99,5544,"Harry Potter","Small"
"75981","Harry Potter Advent Calendar",39.99,335,"Harry Potter","Small"
"77906","Wonder Woman",39.99,255,"DC","Small"
"80014","Sandy's Speedboat",59.99,394,"Monkie Kid","Small"
"80015","Monkie Kid's Cloud Roadster",69.99,659,"Monkie Kid","Small"
"80016","The Flaming Foundry",139.99,1427,"Monkie Kid","Small"
"88005","Headlight Set",9.99,1,"Powered UP","Small"
"88006","Boost Hub",79.99,1,"Powered UP","Small"
"88007","Distance Sensor",13.99,1,"Powered UP","Small"
"88008","Motor",16.99,1,"Powered UP","Small"
"88009","Hub",49.99,1,"Powered UP","Small"
"88010","Remote Control",22.99,1,"Powered UP","Small"
"88011","Train motor",13.99,7,"Powered UP","Small"
"88012","Technic Hub",89.99,1,"Powered UP","Small"
"88013","Technic Large Motor",39.99,1,"Powered UP","Small"
"88014","Technic XL Motor",39.99,1,"Powered UP","Small"
"41900","Rainbow Bracelet",4.99,33,"DOTS","Small"
"43187","Rapunzel's Tower",59.99,369,"Disney","Small"
"43188","Aurora's Forest Cottage",39.99,300,"Disney","Small"
"45678","SPIKE Prime Set",329.95,528,"LEGO Education","Small"
"71367","Mario's House & Yoshi",29.99,205,"LEGO Super Mario","Small"
"71368","Toad's Treasure Hunt",69.99,464,"LEGO Super Mario","Small"
"71369","Bowser's Castle Boss Battle",99.99,1010,"LEGO Super Mario","Small"
"71371","Propeller Mario Power-Up Pack",9.99,13,"LEGO Super Mario","Small"
